"Trait","N","Beta_aquatic","SE","t","p","R2","Note"
"NetCharge",8,-23178.2448931428,25544.9473290237,-0.90735144584965,0.39919497392615,0.120658370220111,""
"frac_helix",8,-0.00734113770639829,0.00955380554140124,-0.768399322613968,0.471401355766292,0.0895900336346229,""
"frac_sheet",8,0.000526204746380676,0.00148838273253459,0.35354128671232,0.735773479922235,0.0204067944593609,""
"frac_coil",8,0.00681493296001736,0.0102690866921183,0.663635741360324,0.531580183777519,0.0683826391927371,""
"mean_ASA",8,0.00011103966149621,0.000711994700529439,0.155955741543639,0.881182759762407,0.0040373327557848,""
"DomainCountPerGene",17,NA,NA,NA,NA,NA,"No variation in response"
"CommonDomainLengthPerGene",17,-1.38115720955491,4.4525798118389,-0.310192577768639,0.760682589671206,0.00637374381812095,""
"NumGeneCopies",17,0.0517489852298812,0.0698298728622384,0.741072310585078,0.470093058270238,0.0353194111183619,""
